<?xml version="1.0" encoding="UTF-8"?>
<project-private xmlns="http://www.netbeans.org/ns/project-private/1">
    <editor-bookmarks xmlns="http://www.netbeans.org/ns/editor-bookmarks/2" lastBookmarkId="0"/>
    <open-files xmlns="http://www.netbeans.org/ns/projectui-open-files/2">
        <group name="OOP2_Hoofdstuk11">
            <file>file:/Users/robin/Google%20Drive/HoGent%20/2014%20-%202015/Semester%202/OO%20Programmeren%20II/Oefeningen/H11/Hoofdstuk11_Oef1/src/main/StartUp.java</file>
            <file>file:/Users/robin/Google%20Drive/HoGent%20/2014%20-%202015/Semester%202/OO%20Programmeren%20II/Oefeningen/H11/Hoofdstuk11_Oef1/src/ui/Hoofdstuk11_Oef1.java</file>
            <file>file:/Users/robin/Google%20Drive/HoGent%20/2014%20-%202015/Semester%202/OO%20Programmeren%20II/Oefeningen/H11/Hoofdstuk11_Oef1/src/domein/DomeinController.java</file>
            <file>file:/Users/robin/Google%20Drive/HoGent%20/2014%20-%202015/Semester%202/OO%20Programmeren%20II/Oefeningen/H11/Hoofdstuk11_Oef1/src/domein/Wapen.java</file>
            <file>file:/Users/robin/Google%20Drive/HoGent%20/2014%20-%202015/Semester%202/OO%20Programmeren%20II/Oefeningen/H11/Hoofdstuk11_Oef1/src/domein/Voorwerp.java</file>
            <file>file:/Users/robin/Google%20Drive/HoGent%20/2014%20-%202015/Semester%202/OO%20Programmeren%20II/Oefeningen/H11/Hoofdstuk11_Oef1/src/ui/Hoofdstuk10_Oef1.java</file>
            <file>file:/Users/robin/Google%20Drive/HoGent%20/2014%20-%202015/Semester%202/OO%20Programmeren%20II/Oefeningen/H11/Hoofdstuk11_Oef1/src/domein/DraagbaarRepository.java</file>
            <file>file:/Users/robin/Google%20Drive/HoGent%20/2014%20-%202015/Semester%202/OO%20Programmeren%20II/Oefeningen/H11/Hoofdstuk11_Oef1/src/domein/Gebouw.java</file>
        </group>
    </open-files>
</project-private>
