<?xml version="1.0" encoding="UTF-8"?>
<project-private xmlns="http://www.netbeans.org/ns/project-private/1">
    <editor-bookmarks xmlns="http://www.netbeans.org/ns/editor-bookmarks/2" lastBookmarkId="0"/>
    <open-files xmlns="http://www.netbeans.org/ns/projectui-open-files/2">
        <group name="OOP2_Hoofdstuk14">
            <file>file:/Users/robin/Google%20Drive/HoGent%20/2014%20-%202015/Semester%202/OO%20Programmeren%20II/Oefeningen/H14/Hoofdstuk14_Oef2_Versie2/src/domein/Namen.java</file>
            <file>file:/Users/robin/Google%20Drive/HoGent%20/2014%20-%202015/Semester%202/OO%20Programmeren%20II/Oefeningen/H14/Hoofdstuk14_Oef2_Versie2/src/persistentie/NamenMapper.java</file>
            <file>file:/Users/robin/Google%20Drive/HoGent%20/2014%20-%202015/Semester%202/OO%20Programmeren%20II/Oefeningen/H14/Hoofdstuk14_Oef2_Versie2/test/domein/NamenTest.java</file>
            <file>file:/Users/robin/Google%20Drive/HoGent%20/2014%20-%202015/Semester%202/OO%20Programmeren%20II/Oefeningen/H14/Hoofdstuk14_Oef2_Versie2/src/GUI/OpzoekScherm.fxml</file>
            <file>file:/Users/robin/Google%20Drive/HoGent%20/2014%20-%202015/Semester%202/OO%20Programmeren%20II/Oefeningen/H14/Hoofdstuk14_Oef2_Versie2/src/GUI/OpzoekSchermController.java</file>
        </group>
    </open-files>
</project-private>
