<?xml version="1.0" encoding="UTF-8"?>
<project-private xmlns="http://www.netbeans.org/ns/project-private/1">
    <editor-bookmarks xmlns="http://www.netbeans.org/ns/editor-bookmarks/2" lastBookmarkId="0"/>
    <open-files xmlns="http://www.netbeans.org/ns/projectui-open-files/2">
        <group name="OOP2_Hoofdstuk15">
            <file>file:/Users/robin/Google%20Drive/HoGent%20/2014%20-%202015/Semester%202/OO%20Programmeren%20II/Oefeningen/H15/Hoofdstuk15_Oef2/src/main/StartUp.java</file>
            <file>file:/Users/robin/Google%20Drive/HoGent%20/2014%20-%202015/Semester%202/OO%20Programmeren%20II/Oefeningen/H15/Hoofdstuk15_Oef2/src/persistentie/StudentMapper.java</file>
            <file>file:/Users/robin/Google%20Drive/HoGent%20/2014%20-%202015/Semester%202/OO%20Programmeren%20II/Oefeningen/H15/Hoofdstuk15_Oef2/src/domein/DomeinController.java</file>
            <file>file:/Users/robin/Google%20Drive/HoGent%20/2014%20-%202015/Semester%202/OO%20Programmeren%20II/Oefeningen/H15/Hoofdstuk15_Oef2/src/domein/Student.java</file>
            <file>file:/Users/robin/Google%20Drive/HoGent%20/2014%20-%202015/Semester%202/OO%20Programmeren%20II/Oefeningen/H15/Hoofdstuk15_Oef2/src/ui/StudentApplicatie.java</file>
            <file>file:/Users/robin/Google%20Drive/HoGent%20/2014%20-%202015/Semester%202/OO%20Programmeren%20II/Oefeningen/H15/Hoofdstuk15_Oef2/test/domein/StudentTest.java</file>
            <file>file:/Users/robin/Google%20Drive/HoGent%20/2014%20-%202015/Semester%202/OO%20Programmeren%20II/Oefeningen/H15/Hoofdstuk15_Oef2/src/domein/StudentRepository.java</file>
        </group>
    </open-files>
</project-private>
