<?xml version="1.0" encoding="UTF-8"?>
<project-private xmlns="http://www.netbeans.org/ns/project-private/1">
    <editor-bookmarks xmlns="http://www.netbeans.org/ns/editor-bookmarks/2" lastBookmarkId="0"/>
    <open-files xmlns="http://www.netbeans.org/ns/projectui-open-files/2">
        <group name="OOP2_Hoofdstuk9">
            <file>file:/Users/robin/Google%20Drive/HoGent%20/2014%20-%202015/Semester%202/OO%20Programmeren%20II/Oefeningen/H9/Hoofdstuk9_Oef2/src/domein/Verplaatsing.java</file>
            <file>file:/Users/robin/Google%20Drive/HoGent%20/2014%20-%202015/Semester%202/OO%20Programmeren%20II/Oefeningen/H9/Hoofdstuk9_Oef2/test/domein/VerplaatsingTest.java</file>
            <file>file:/Users/robin/Google%20Drive/HoGent%20/2014%20-%202015/Semester%202/OO%20Programmeren%20II/Oefeningen/H9/Hoofdstuk9_Oef2/src/domein/VerplaatsingPerAuto.java</file>
            <file>file:/Users/robin/Google%20Drive/HoGent%20/2014%20-%202015/Semester%202/OO%20Programmeren%20II/Oefeningen/H9/Hoofdstuk9_Oef2/src/domein/VerplaatsingPerBusTram.java</file>
            <file>file:/Users/robin/Google%20Drive/HoGent%20/2014%20-%202015/Semester%202/OO%20Programmeren%20II/Oefeningen/H9/Hoofdstuk9_Oef2/test/domein/VerplaatsingPerBusTramTest.java</file>
            <file>file:/Users/robin/Google%20Drive/HoGent%20/2014%20-%202015/Semester%202/OO%20Programmeren%20II/Oefeningen/H9/Hoofdstuk9_Oef2/src/main/StartUp.java</file>
            <file>file:/Users/robin/Google%20Drive/HoGent%20/2014%20-%202015/Semester%202/OO%20Programmeren%20II/Oefeningen/H9/Hoofdstuk9_Oef2/src/ui/VerplaatsingApplicatie.java</file>
            <file>file:/Users/robin/Google%20Drive/HoGent%20/2014%20-%202015/Semester%202/OO%20Programmeren%20II/Oefeningen/H9/Hoofdstuk9_Oef2/test/domein/VerplaatsingPerAutoTest.java</file>
        </group>
    </open-files>
</project-private>
